date,temperature,humidity,windspeed,vehicle density(per km of the Indian Road)
1-May-18,18.23287112,45.6977019,17.03457765,82
1-Jun-18,18.49129945,50.23734941,10.09156767,88
1-Aug-18,18.11794766,48.85125234,17.03502942,112.3333333
1-Sep-18,18.60011104,48.55757635,18.33185477,76.66666667
1-Nov-18,18.54936326,59.62346036,12.41459723,43
1-Dec-18,18.64148833,54.77588021,25.43218813,25
1-Jan-19,18.27845542,47.56595692,25.1734698,38
1-Mar-19,18.76700002,55.85022455,13.09030004,42.75
1-May-19,18.78200236,64.89113267,13.81170833,20.25
1-Jun-19,18.64604714,69.41158674,14.17241247,9
1-Jul-19,18.57811117,62.71534982,18.56227838,78
1-Aug-19,18.45262443,51.35807907,17.67684395,83
1-Sep-19,18.2396403,46.82144668,28.89995536,75
1-Nov-19,18.01213296,48.11146951,19.6310816,82.33333333
1-Dec-19,18.36682268,48.75648093,14.99664471,86
1-Jan-20,18.78181179,55.74808751,12.9612797,186
1-Feb-20,18.01167989,69.45809769,24.66345158,34
1-Apr-20,18.89918397,65.57993306,12.49791209,38
1-Jul-20,18.76617188,55.01066838,17.05540637,42
2-Jan-18,18.51975582,67.6191563,7.498520915,47
2-Feb-18,18.44580271,64.59577697,22.55618469,72
2-Apr-18,18.40846732,53.97586951,12.8216845,88
2-May-18,18.16657158,56.82563774,10.86172372,98.66666667
2-Jun-18,18.77375719,59.67540596,8.901762931,109.3333333
2-Jul-18,18.09004119,62.52517419,6.941802146,120
2-Aug-18,18.739658,51.33485152,29.52110762,64
2-Dec-18,18.19005137,47.1436546,18.80140441,168.6666667
2-Mar-19,18.30296842,38.85177008,24.48683548,140
2-Sep-19,18.19926245,52.70746897,18.89585883,200.25
2-Nov-19,18.79220704,44.9208071,10.41596779,139
2-Dec-19,18.97192905,60.23915815,21.57095789,100
3-Jan-18,18.25851598,51.17197943,19.14063191,137
3-Apr-18,18.27730187,55.3829235,18.20769089,214
3-May-18,18.16802212,54.28272267,21.48906965,224
3-Jun-18,18.5338692,53.18252185,24.77044841,234
3-Jul-18,18.63368111,52.08232103,28.05182716,244
3-Aug-18,18.91479479,44.79741069,12.30888436,316
3-Sep-18,18.28420982,64.59577697,19.4063407,191
3-Dec-19,18.87438003,66.29406879,21.09239674,166
3-Jan-20,18.32927502,48.93856041,20.16066835,300
3-Feb-20,18.31281601,45.34971661,19.72029318,274
3-Mar-20,18.49661917,41.7608728,19.279918,248
3-Apr-20,18.75423612,38.172029,18.83954283,222
3-May-20,18.46959009,38.84166386,19.89467423,317
3-Jun-20,18.02548023,57.40695949,16.03508461,168
3-Jul-20,18.7831963,72.57555979,19.22772733,179
4-Jan-18,18.13398198,59.61709512,22.15672986,307
12-Jan-18,18.08746264,50.59034129,19.40691135,182
12-Aug-18,18.32333185,53.68457584,20.82640262,150
12-Sep-18,18.45874125,60.15216648,9.603055815,261
12-Nov-18,18.52624498,59.22157522,8.686844344,182.3333333
12-Dec-18,18.7471516,58.75627959,8.228738609,143
12-Jun-19,18.19938128,54.34375085,18.12040525,232.6666667
12-Apr-20,18.27375994,49.43622201,24.67136934,255
12-May-20,18.15610989,53.35888751,12.22057631,254
12-Jun-20,18.09759367,56.84860473,13.28519476,491
12-Jul-20,18.57250123,54.12080445,17.41052885,390.5
1-Jan-19,18.08857384,51.39300416,21.53586293,290
1-Apr-19,18.67794385,44.44843897,16.87764897,95
1-May-19,18.84283563,50.56711373,12.97490396,140
1-Jul-19,18.50059543,54.53761162,14.03904687,240
1-Aug-19,18.91864541,57.50776113,12.3982386,173
1-Sep-19,18.06537933,60.47791064,10.75743034,106
1-Oct-19,18.21698231,57.39886334,17.08108561,173
1-Feb-20,18.91872703,52.54814244,30.15691845,162.25
1-Jun-20,18.33767411,46.05370889,33.33582991,109
1-Aug-20,18.56747994,46.42596401,18.16517748,115
1-Sep-20,18.57532027,55.01066838,15.97668811,125
1-Oct-20,18.60105067,63.59537275,13.78819875,135
1-Nov-20,18.0732708,72.18007712,11.59970938,145
1-Jan-21,18.3645759,57.2440874,15.19216359,467
1-Jun-21,18.55103874,43.68070118,19.09547925,126
2-Apr-19,18.43130131,52.48426201,15.84791149,275.3333333
2-May-19,18.7384876,54.26182159,15.26071289,240.6666667
2-Aug-19,18.71591363,61.6644145,13.24125473,109
2-Sep-19,18.69165745,52.68417162,17.54366857,163
2-Nov-19,18.60006983,49.05488432,13.24073164,182.6666667
2-Dec-19,18.3084276,46.65861183,14.43800238,138.3333333
2-Jan-20,18.4256323,44.26233933,15.63527312,94
2-Aug-20,18.33905615,55.04733833,18.37911764,209.5
2-Sep-20,18.55761985,54.48570324,18.37681721,163
3-May-19,18.68246319,49.56670951,20.02749296,203
3-Jun-19,18.79698584,46.79821913,18.03143145,221
11-Jul-19,18.20272933,51.86992288,25.39516723,326
11-Feb-20,18.35805972,52.12581686,17.94226742,373
11-Mar-21,18.45586951,65.22392607,20.64835989,123
11-Apr-21,18.19496926,49.56670951,18.74089175,198
11-Jun-21,18.32161847,57.56977573,7.873566201,362
12-Jun-19,18.27412214,49.7062982,16.16818866,340
12-Dec-19,18.70476123,51.35807907,15.32526764,310
12-Jan-20,18.31960049,48.42671661,16.12360665,425
12-Oct-20,18.25015309,56.74878951,23.34254957,205.3333333
12-Nov-20,18.35799771,61.11581234,16.27713046,189.6666667
12-Dec-20,18.46433926,65.48283517,9.211711346,174
12-Jan-21,18.76669516,66.37701239,17.74704814,91.5
12-Feb-21,18.14946412,67.27118961,26.28238493,9
12-Mar-21,18.32350489,57.75593121,28.6781866,247
12-Apr-21,18.28507027,54.24293059,14.79270876,644
12-May-21,18.66831057,54.01028278,14.77784809,575.6666667
12-Jun-21,18.45854018,53.77763496,14.76298742,507.3333333
12-Jul-21,18.65150921,53.54498715,14.74812674,439
1-Mar-18,18.61606966,45.71534591,21.41495651,120
1-Apr-18,18.7966733,54.26721902,15.13688189,108
1-Jul-18,18.62391768,49.14492833,15.73820407,148
1-Oct-18,19.45450089,48.26390036,19.62868011,41
1-Feb-19,19.95304838,51.32977049,12.7295959,54
1-Apr-19,18.83879384,60.37067861,13.45100418,31.5
1-Oct-19,19.4527177,47.4664581,24.26551848,78.66666667
1-Mar-20,18.54831846,59.68688946,11.82290476,15
1-May-20,18.59449591,62.05684483,14.01707685,39.33333333
1-Jun-20,18.81956289,58.53375661,15.53624161,40.66666667
2-Mar-18,18.74881488,45.74622293,23.51516161,61
2-Sep-18,18.65728188,48.92644411,17.17288889,53
2-Oct-18,19.13238467,45.7219345,19.53366693,47
2-Nov-18,18.85481272,49.57307476,11.44577661,149
2-Jan-19,19.8355583,44.71423445,26.1570322,188.3333333
2-Feb-19,23.57593109,42.28481429,33.51266,208
2-Apr-19,18.77081146,44.94509553,21.66333182,218
2-May-19,24.61072633,49.49691517,20.11637166,259
2-Jun-19,28.87418407,50.14834766,22.60019605,579
2-Jul-19,24.65904376,51.0013881,21.36541698,452.75
2-Aug-19,20.44390346,51.85442853,20.1306379,326.5
2-Oct-19,18.51362286,53.56050941,17.66107975,74
2-Jan-20,21.05999729,61.06457398,28.4218222,120
2-Feb-20,21.77070604,64.12044956,27.07002426,107
2-Mar-20,22.48141478,67.17632514,25.71822632,94
2-Apr-20,23.19212353,70.23220072,24.36642838,81
3-Feb-18,19.60225377,46.40268062,25.66087602,231
3-Mar-18,18.7138718,39.07427445,19.80608086,123
3-Oct-18,22.28900602,21.3,22.3827785,46
3-Nov-18,18.68443365,57.56877069,20.32080694,247
3-Dec-18,18.82839667,54.72845728,18.03716172,284.3333333
3-Jan-19,18.97235969,51.88814386,15.75351651,321.6666667
3-Feb-19,19.11632271,49.04783044,13.46987129,359
3-Mar-19,18.72759772,57.90864123,16.84975846,289
3-Apr-19,21.10316136,64.65747517,18.19135604,321
3-May-19,23.57593109,54.96415743,18.65229838,424
3-Jun-19,19.7848019,50.62574098,20.18149706,884
3-Jul-19,27.97073542,54.57468638,21.55500347,723
3-Aug-19,26.15666894,58.52363177,22.92850988,562
3-Sep-19,24.34260246,62.47257717,24.30201629,401
3-Oct-19,24.90050675,56.17388884,19.80579553,460
3-Nov-19,20.19616952,68.17751105,20.41289554,203
4-Feb-18,22.38934137,54.77802057,25.17316069,449.3333333
4-Mar-18,26.9149128,49.93894602,28.18959153,591.6666667
4-Apr-18,21.44048422,45.09987147,31.20602236,734
4-May-18,23.53455517,57.15100967,31.38406508,167
4-Jun-18,22.37553284,47.58918447,22.46737732,413
4-Jul-18,24.69352783,54.96415743,15.28068563,571
4-Aug-18,19.64362969,67.99241645,19.8943889,172
4-Sep-18,23.94544996,65.77213738,22.21222555,399.6666667
4-Oct-18,28.24727024,63.5518583,24.5300622,627.3333333
4-Nov-18,22.54909052,61.33157923,26.84789884,855
4-Dec-18,27.92214065,62.57174098,23.31022701,257
4-Jan-19,23.45175367,67.03857902,21.57958897,209
4-Feb-19,26.18365683,51.47444021,11.59913873,529
4-Mar-19,26.7424552,51.50351653,12.54190562,564
4-Apr-19,27.30125357,51.53259285,13.48467252,599
4-May-19,27.86005195,51.56166918,14.42743941,634
4-Jun-19,28.41885032,51.5907455,15.37020631,669
4-Jul-19,28.08769398,58.47710221,14.97103681,409
4-Aug-19,22.51670505,55.59230653,20.95957801,613
4-Sep-19,25.76974866,44.0296729,26.90382252,745
4-Oct-19,19.68505527,62.03661378,19.36147336,177
4-Nov-19,24.15544225,62.91293296,18.54858279,375.6666667
4-Dec-19,28.62582924,63.78925213,17.73569221,574.3333333
4-Jan-20,23.09621622,64.66557131,16.92280163,773
4-Feb-20,24.33799038,62.01338622,26.99241589,678
4-Mar-20,23.75847921,67.9459055,25.97237945,547
4-Apr-20,23.6343018,60.43134386,26.59353171,569
4-May-20,28.2946729,46.82144668,20.82675927,878
4-Jun-20,28.94316048,51.90093018,19.48076294,867.6666667
5-Jan-18,19.59164806,56.98041368,18.13476661,857.3333333
5-Feb-18,20.24013565,62.05989717,16.78877027,847
5-Mar-18,23.59292588,60.22196082,28.14562772,603
5-Apr-18,23.53455517,62.45537985,27.17045862,255
5-May-18,25.76974866,46.10027568,24.77344432,614
5-Jun-18,26.76316799,54.24293059,19.98383825,894
5-Jul-18,27.64620188,54.21966581,18.74158129,817.3333333
5-Aug-18,28.52923576,54.19640103,17.49932433,740.6666667
5-Sep-18,19.41226965,54.17313625,16.25706736,664
5-Oct-18,19.41226965,48.61287208,11.95372622,694
5-Nov-18,19.90897931,56.6392217,12.30831371,550
5-Dec-18,19.53644706,63.03701799,17.23195114,695
5-Jan-19,28.41885032,69.50460864,16.52277615,692
5-Feb-19,19.49505459,68.10097923,15.26606273,719
5-Mar-19,20.57125887,66.69734982,14.0093493,746
5-Apr-19,21.64746314,65.29372041,12.75263588,773
5-May-19,20.86102273,68.08549419,23.48677178,678
5-Jun-19,20.28151156,69.87686375,18.07544281,536
5-Jul-19,19.32946815,67.62016134,11.42173799,735
5-Aug-19,19.61924856,61.47825902,12.62010247,909
5-Sep-19,21.1921625,63.16108442,15.20773757,884.6666667
5-Oct-19,22.76507644,64.84390982,17.79537266,860.3333333
5-Nov-19,24.33799038,66.52673522,20.38300776,836
5-Dec-19,25.74531787,62.66476288,18.47489764,659
5-Jan-20,25.78669379,60.17544987,14.70440071,740
5-Feb-20,28.14606469,59.1285347,17.94348005,758
5-Mar-20,26.8215387,57.80244216,20.87069931,871
5-Apr-20,27.98052378,57.5639828,18.564026,821.5
5-May-20,29.13950886,57.32552344,16.25735269,772
5-Jun-20,30.29849394,57.08706409,13.95067938,722.5
5-Jul-20,31.45747902,56.84860473,11.64400607,673
6-Jan-18,30.91939344,59.10525131,18.47489764,513
6-Feb-18,28.47722103,38.32982005,24.55196088,736
6-Mar-18,23.75847921,41.07508288,21.75820234,898
6-Apr-18,24.72429804,45.6504837,18.63805591,823
6-May-18,25.69011687,50.22588452,15.51790949,748
6-Jun-18,26.6559357,54.80128535,12.39776306,673
6-Jul-18,28.10468878,54.68498005,17.0993464,763
6-Aug-18,31.49885493,56.03430015,13.46209619,676
6-Sep-18,33.11316134,53.03314334,14.3941099,563
6-Oct-18,30.46405969,55.08046272,13.72866096,815
6-Nov-18,28.47722103,53.02540082,17.6470275,831
6-Dec-18,26.49038237,50.97033892,21.56539405,847
6-Jan-19,24.50354371,48.91527702,25.4837606,863
6-Feb-19,22.9720388,49.61322046,22.91105751,727
6-Mar-19,24.08963555,47.63575126,15.68014046,769
6-Apr-19,24.17238738,59.73340041,18.43060095,545
6-May-19,25.20723229,62.3855855,13.90520572,863
6-Jun-19,24.97266943,62.57946488,14.20113518,808.3333333
6-Jul-19,24.73810657,62.77334427,14.49706463,753.6666667
6-Aug-19,24.50354371,62.96722365,14.79299408,699
6-Sep-19,26.78011312,64.31659959,15.90219454,774
6-Oct-19,29.38783886,60.80359897,15.99043126,661
6-Nov-19,29.13948402,60.57093254,20.73695327,746
6-Dec-19,28.93255478,53.31232072,19.54008674,969
6-Jan-20,28.24267472,54.89432586,16.81910982,930.6666667
6-Feb-20,27.55279467,56.476331,14.0981329,892.3333333
6-Mar-20,26.86291462,58.05833614,11.37715597,854
6-Apr-20,29.92597411,56.70901604,13.99465507,732
6-May-20,29.13948402,49.10143249,22.37878395,848
6-Jun-20,27.5666032,45.54192093,16.92130368,1027
7-Jan-18,28.84975328,43.4248072,11.0219265,1246
7-Feb-18,29.14985284,46.13515889,11.44367234,1192.25
7-Mar-18,29.4499524,48.84551059,11.86541817,1138.5
7-Apr-18,29.75005196,51.55586229,12.28716401,1084.75
7-May-18,30.05015152,54.26621398,12.70890984,1031
7-Jun-18,28.72557586,62.80435157,14.3941099,784
7-Jul-18,30.21570485,57.66285347,15.05870287,754
7-Aug-18,28.18749028,63.61865614,19.76149884,692
7-Sep-18,29.07052417,61.34645008,21.12173764,702.3333333
7-Oct-18,29.95355805,59.07424401,22.48197645,712.6666667
7-Nov-18,30.83659194,56.80203794,23.84221525,723
7-Dec-18,32.40952243,52.52135537,17.98713476,662
7-Jan-19,30.05015152,56.56942735,14.12661783,748
7-Feb-19,26.78011312,47.89164524,20.86984333,888
7-Mar-19,25.9108712,54.31272494,16.74447358,1318
7-Apr-19,27.29063131,55.42943445,17.52842746,1159
7-May-19,28.67039142,56.54614396,18.31238134,1000
7-Jun-19,30.05015152,57.66285347,19.09633522,841
7-Jul-19,31.54028052,57.61634252,13.01863,752
7-Aug-19,31.12632268,60.78031558,11.82147814,644
7-Sep-19,33.44431767,59.89627249,19.53980141,632
7-Oct-19,35.1,53.70785923,13.19695805,562
7-Nov-19,33.36151617,56.99593594,12.1913852,564
7-Dec-19,31.62303235,60.28401265,11.18581236,566
7-Jan-20,29.88454852,63.57208936,10.18023951,568
7-Feb-20,31.29192568,51.49766776,17.98742008,750
7-Mar-20,31.45747902,43.79706231,16.78941225,755
7-Apr-20,31.66445793,53.87067548,16.43389745,606
7-May-20,34.60329034,51.5907455,16.12424863,670
7-Jun-20,33.49950212,51.74583784,15.71002824,689.6666667
7-Jul-20,32.3957139,51.90093018,15.29580785,709.3333333
8-Jan-18,31.29192568,52.05602252,14.88158746,729
8-Feb-18,31.87138718,48.72917738,18.38630426,801
8-Mar-18,29.30508703,58.01182519,13.37407346,467
8-Apr-18,28.2288662,63.59537275,17.76572265,799
8-May-18,28.27024211,56.52286057,16.87736365,1023
8-Jun-18,29.16708452,55.80165234,17.05519238,964
8-Jul-18,30.06392694,55.08044411,17.23302111,905
8-Aug-18,30.96076935,54.35923589,17.41084984,846
8-Sep-18,31.45747902,53.14950447,14.48241795,907
8-Oct-18,31.04357085,44.98356617,17.98742008,884
8-Nov-18,28.60139844,44.96028278,15.45787238,812
8-Dec-18,28.14606469,44.47172237,12.66347186,1051
8-Jan-19,27.44239267,50.00097923,14.64488669,959
8-Feb-19,26.73872064,55.53023609,16.62630153,867
8-Mar-19,26.03504862,61.05949296,18.60771637,775
8-Apr-19,27.77353245,53.5914981,20.5604085,721
8-May-19,28.89112919,53.42868185,13.95071504,668
8-Jun-19,28.3116677,57.84895311,20.33778377,639
8-Jul-19,26.98709203,61.6644145,13.63978226,797
8-Aug-19,27.09747748,56.95716751,16.90775075,809
8-Sep-19,27.20786292,52.24992051,20.17571923,821
8-Oct-19,27.31824837,47.54267352,23.44368772,833
8-Nov-19,24.79327446,46.72842478,14.1715565,1281
8-Dec-19,26.40758087,55.08046272,21.75727503,949
8-Jan-20,26.94571612,64.38639393,18.74174773,435
8-Feb-20,27.73215653,63.80475578,9.691920248,768
8-Mar-20,26.68355276,59.95830571,11.49570846,755
8-Apr-20,25.63494898,56.11185563,13.29949667,742
8-May-20,24.58634521,52.26540555,15.10328489,729
8-Jun-20,24.71052263,51.91643383,12.61974582,775
8-Jul-20,25.57976454,54.68498005,9.647038645,688
9-Jan-18,25.49696304,56.98819342,13.81725433,783
9-Feb-18,24.91745187,61.89702509,13.68407894,875
9-Mar-18,23.63428938,64.1286853,17.3222208,707.25
9-Apr-18,22.35112689,66.3603455,20.96036265,539.5
9-May-18,21.06796439,68.59200571,24.5985045,371.75
9-Jun-18,19.7848019,70.82366591,28.23664635,204
9-Jul-18,22.72368397,72.50576545,10.62338471,118
9-Aug-18,24.44955137,73.76105861,17.45172263,153
9-Sep-18,25.24860821,71.43562272,12.57487848,417
9-Oct-18,25.15502811,67.60636997,11.7316008,508
9-Nov-18,25.06144801,63.77711722,10.88832313,599
9-Dec-18,24.96786791,59.94786447,10.04504545,690
9-Jan-19,25.28998412,61.08277635,13.81782498,701
9-Feb-19,26.40758087,60.22196082,15.63648575,647
9-Mar-19,21.64746314,60.89667671,23.04394757,428
9-Apr-19,26.26645833,54.26621398,15.41414634,742
9-May-19,27.59101743,56.11963537,15.11833577,725
9-Jun-19,28.91557654,57.97305676,14.82252521,708
9-Jul-19,20.24013565,59.82647815,14.52671464,691
9-Aug-19,20.86102273,70.50501285,13.32920613,438
9-Sep-19,22.51670505,71.55192802,10.57940188,539
9-Oct-19,24.17238738,71.66823332,12.84208523,555
9-Nov-19,23.22039363,75.6,9.29276501,258
9-Dec-19,23.88267319,73.2890255,10.06155625,400
9-Jan-20,24.54495274,70.978051,10.83034749,542
9-Feb-20,25.20723229,68.6670765,11.59913873,684
9-Mar-20,24.58634521,70.73767928,12.13205427,477
9-Apr-20,24.50354371,68.6903599,14.30466055,480
9-May-20,23.59292588,60.33832195,16.03472795,653
9-Jun-20,20.98520014,57.45347044,18.43088627,830
10-Jan-18,28.00494215,59.56280442,15.50323428,663.3333333
10-Feb-18,25.02468417,61.67213841,12.57558228,496.6666667
10-Mar-18,22.04442618,63.78147239,9.647930285,330
10-Apr-18,27.01152283,60.94318766,18.38658959,486
10-May-18,19.70200039,57.47675383,16.34623139,559
10-Jun-18,27.50823249,55.96450581,13.32920613,639
10-Jul-18,28.33604882,59.50078982,5.3,949
10-Aug-18,19.029381,61.23982758,7.451533257,878.5
10-Sep-18,19.72271319,62.97886535,9.603066515,808
10-Oct-18,20.41604537,64.71790311,11.75459977,737.5
10-Nov-18,21.10937756,66.45694087,13.90613303,667
10-Dec-18,19.95035523,71.90089974,21.40361485,217
10-Jan-19,22.2269743,71.36582838,13.81661235,290
10-Feb-19,20.32288748,61.29215938,19.67262014,529
10-Mar-19,20.0469487,58.74853707,18.51933699,590.3333333
10-Apr-19,19.77100992,56.20491476,17.36605383,651.6666667
10-May-19,19.49507115,53.66129244,16.21277067,713
10-Jun-19,19.41226965,60.47791064,11.55541269,637
10-Jul-19,19.87117971,71.28486694,21.06044035,254
10-Aug-19,26.59756499,56.82532134,33.82416344,471
10-Sep-19,24.19681817,53.35888751,19.4952194,676
10-Oct-19,24.79010475,57.0424655,17.05559659,683.6666667
10-Nov-19,25.38339133,60.7260435,14.61597377,691.3333333
10-Dec-19,25.97667791,64.40962149,12.17635096,699
10-Jan-20,26.39063574,56.08086694,15.59069111,695
10-Feb-20,27.01152283,61.52482581,14.30558786,404
10-Mar-20,26.30783424,66.6896073,17.80944869,240
10-Apr-20,19.39527485,54.01026416,20.07178965,456
10-May-20,19.54705277,56.19715362,17.14414241,424.6666667
10-Jun-20,19.69883069,58.38404308,14.21649517,393.3333333
10-Jul-20,19.8506086,60.57093254,11.28884792,362
11-Jan-18,22.87224251,59.47750643,13.37321749,410
11-Feb-18,21.71326985,61.43174807,9.558473803,370
11-Mar-18,23.24477475,60.5011382,13.46209619,318
11-Apr-18,22.99641992,56.05758355,23.08910023,470
11-May-18,22.85845053,58.59344473,17.98763408,437.6666667
11-Jun-18,22.72048115,61.12930591,12.88616792,405.3333333
11-Jul-18,22.58251176,63.6651671,7.784701768,373
11-Aug-18,23.24477475,61.59462015,8.627301798,376
11-Sep-18,22.83086659,63.6418837,8.139274993,305
11-Oct-18,21.83744726,66.71283486,17.18915241,190
11-Nov-18,23.7001085,63.55464077,19.28502413,291.25
11-Dec-18,25.56276975,60.39644668,21.38089585,392.5
11-Jan-19,27.42543099,57.2382526,23.47676758,493.75
11-Feb-19,19.28809223,54.08005851,25.5726393,595
11-Mar-19,19.28809223,59.7566838,17.94283807,449
11-Apr-19,25.64557125,73.22699229,13.46295216,145
11-May-19,19.9334101,53.45190941,25.48461658,139
11-Jun-19,18.58061987,44.19254499,15.72443715,245
11-Jul-19,19.45049241,53.49845758,14.99973573,236.6666667
11-Aug-19,22.32036495,62.80437018,14.27503432,228.3333333
11-Sep-19,25.1902375,72.11028278,13.55033291,220
11-Oct-19,23.65873259,75.04164524,12.17635096,69
11-Nov-19,24.85908116,63.61865614,27.65757951,112
11-Dec-19,23.2240868,60.43137177,19.20735513,603.5
11-Jan-20,21.58909243,57.2440874,10.75713075,1095
11-Feb-20,23.71630124,59.09211136,11.78492327,814.3333333
11-Mar-20,25.84351005,60.94013532,12.81271579,533.6666667
11-Apr-20,27.97071886,62.78815928,13.84050831,253
11-May-20,25.72832308,67.68995568,22.11278983,96
11-Jun-20,19.10554411,55.54573974,23.04480354,188
12-Feb-18,18.56745853,56.24368319,10.88967842,268
12-Mar-18,19.75403169,59.98931301,9.973174491,256.3333333
12-Apr-18,20.94060485,63.73494283,9.056670562,244.6666667
12-May-18,22.12717801,67.48057265,8.140166634,233
12-Jun-18,25.93530199,74.32041841,20.29320175,126
12-Jul-18,23.32757626,75.4836947,22.68936008,50
12-Oct-18,18.53919428,59.68687085,9.14495008,221.6666667
12-Jan-19,18.99452803,54.24293059,13.72837563,155
12-Feb-19,18.73301186,58.36079692,8.051002609,178
12-Mar-19,23.94846334,56.70901604,22.82253546,181
12-Apr-19,21.58909243,49.24102118,22.28990525,178
12-May-19,19.96099405,51.79238602,20.20515525,205.3333333
12-Jul-19,18.70479728,56.89511568,16.03565526,260
12-Aug-19,22.12717801,54.54539136,8.094692981,216
12-Sep-19,24.23819408,69.22543126,19.49550473,107
12-Oct-19,23.98983925,63.59537275,7.074956134,227
12-Nov-19,21.50629093,59.61709512,23.26507435,163
12-Dec-19,20.90610422,60.68145887,21.73509102,148
12-Jan-20,20.30591752,61.74582262,20.2051077,133
12-Feb-20,19.70573081,62.81018638,18.67512437,118
12-Mar-20,19.10554411,63.87455013,17.14514104,103
1-Feb-19,18.92066401,48.66520388,25.66119701,189.5
1-Mar-19,19.41312497,45.9374036,29.78653109,89
1-Jun-19,19.56087786,51.56746211,15.67985513,307
1-Nov-19,18.58061987,68.62056555,13.06292668,92
1-Dec-19,21.96162468,66.13125254,16.61136953,269
1-Jan-20,18.58061987,49.63650386,30.67367747,174
1-Mar-20,19.03625311,55.45978103,29.64015943,150.5
1-Apr-20,20.26406973,58.37141961,29.12340041,138.75
1-May-20,21.49188635,61.2830582,28.60664139,127
1-Jul-20,18.89996363,49.0781491,19.40691135,130
1-Dec-20,19.97478602,67.96913306,12.53122377,439
1-Feb-21,19.9334101,64.2700328,8.938184651,244
1-Mar-21,24.07264075,62.68804627,28.14562772,269
1-Apr-21,21.49251551,56.35226458,25.12891156,221.3333333
1-May-21,18.91239027,50.01648288,22.1121954,173.6666667
1-Jul-21,22.33415693,44.5648001,22.37849862,324
2-Jan-19,26.26645833,49.65978725,17.18915241,304
2-Feb-19,22.78949068,58.87264072,17.05504971,190
2-Mar-19,18.52603294,50.70670242,16.43511009,310
2-Jun-19,18.99994217,56.03938118,14.67351429,206
2-Jul-19,20.55429718,49.00835476,14.21549653,199
2-Oct-19,18.91172653,51.45115681,12.0434609,227
2-Feb-20,18.81581336,49.7062982,13.77324297,135
2-Mar-20,20.26451677,50.9625964,16.65652219,141
2-Apr-20,18.69163594,63.33947877,10.22422947,74
2-May-20,20.01616193,56.7322436,18.38601894,349
2-Jun-20,19.32689035,56.17060851,18.38371851,302.5
2-Jul-20,18.63761877,55.60897342,18.38141807,256
2-Oct-20,22.62388767,53.00991578,20.4278751,394
2-Nov-20,25.52139383,52.26540555,17.32082984,516
2-Dec-20,23.20339884,62.47866324,20.64871655,246
2-Jan-21,22.52732731,57.88774015,21.37310886,248.3333333
2-Feb-21,21.85125579,53.29681707,22.09750117,250.6666667
2-Mar-21,21.17518427,48.70589398,22.82189348,253
2-Apr-21,20.80265202,43.4015238,17.49944321,229
2-May-21,20.06657796,66.23544154,16.47940677,65
3-Jan-19,27.09427466,55.66210087,19.89403225,325
3-Feb-19,20.5128716,57.9885418,14.03895176,246
3-Mar-19,18.69160283,55.18126437,16.03513216,231.6666667
3-Apr-19,18.87033406,52.37398694,18.03131256,217.3333333
3-Jul-19,23.03784551,49.96219219,28.36761047,432
3-Aug-19,19.16391482,52.98663239,35.2,486
3-Sep-19,23.36895217,44.0296729,33.29096257,447
3-Oct-19,24.29339508,45.55740596,28.36703982,577.3333333
3-Nov-19,25.217838,47.08513902,23.44311707,707.6666667
3-Dec-19,26.14228091,48.61287208,18.51919432,838
3-Jan-20,21.02657606,55.77840617,20.60470519,762
3-Feb-20,21.39910831,49.61322046,11.91028551,997
3-Mar-20,20.65404381,53.66129244,14.3941099,1005
3-Apr-20,24.61072633,68.31810478,11.77689613,548
3-May-20,26.41820313,66.2087708,12.94494485,692.6666667
3-Jun-20,28.22567993,64.09943681,14.11299357,837.3333333
3-Jul-20,20.03315673,61.99010283,15.28104229,982
3-Aug-20,20.81959714,66.41042992,12.35318105,1051
3-Sep-20,19.37089373,67.15488432,10.09107549,1122
3-Oct-20,20.48849048,67.71323907,12.08861356,1334
3-Nov-20,22.84786139,60.05914458,11.99859356,1820
3-Dec-20,20.26771959,56.03433738,18.43079117,1478.333333
3-Jan-21,27.68757779,52.00953018,24.86298877,1136.666667
3-Feb-21,25.107436,47.98472298,31.29518638,795
3-Mar-21,19.0227426,37.49228792,17.05540637,531
3-Apr-21,27.01152283,48.17082262,24.50802085,674
3-May-21,27.50823249,45.8210983,26.50379704,834
3-Jun-21,21.3407376,53.73108679,13.55126021,796
3-Jul-21,22.39894442,52.30756134,17.69018289,933.3333333
4-Jan-19,23.45715125,50.88403589,21.82910557,1070.666667
4-Feb-19,24.51535808,49.46051044,25.96802825,1208
4-Mar-19,26.14228091,43.44809059,10.84538173,1348
4-Apr-19,19.8676034,47.51939013,16.61194018,1058
4-May-19,24.56935042,42.19179239,19.36204401,1192
4-Jun-19,22.99641992,42.35460864,25.12981509,1807
4-Jul-19,24.4175725,41.24566026,26.50432014,1506.333333
4-Aug-19,25.83872508,40.13671188,27.87882518,1205.666667
4-Sep-19,27.25987766,39.0277635,29.25333023,905
4-Oct-19,25.14886158,45.58843188,21.49099559,819
4-Nov-19,20.28254733,47.51838509,24.76502723,482
4-Dec-19,22.70668917,47.33329049,24.41942748,663
4-Jan-20,24.94188267,44.09946725,14.79270876,1252
4-Feb-20,27.00115401,43.84938015,16.89979731,1186.25
4-Mar-20,19.06042536,43.59929306,19.00688587,1120.5
4-Apr-20,21.1196967,43.34920596,21.11397443,1054.75
4-May-20,23.17896805,43.09911887,23.22106299,989
4-Jun-20,25.97667791,53.07971013,15.68014046,347
4-Jul-20,27.71516174,55.49922879,8.405582968,846
4-Aug-20,19.1225389,60.08237213,14.39325393,1340
4-Sep-20,25.72835619,61.42398694,18.04600679,958.3333333
4-Oct-20,22.33417348,62.76560175,21.69875966,576.6666667
4-Nov-20,18.93999077,64.10721656,25.35151252,195
4-Dec-20,23.49312959,46.65863044,21.49156624,518
4-Jan-21,26.63899058,45.1929492,12.17635096,655
4-Feb-21,27.71516174,63.5488618,16.30164937,475
4-Mar-21,25.68694716,43.68070118,28.49985855,1014
4-Apr-21,25.79733261,46.82920781,24.31521256,897.6666667
4-May-21,25.90771805,49.97771445,20.13056657,781.3333333
4-Jun-21,26.0181035,53.12622108,15.94592058,665
5-Jan-19,23.42732288,58.12813049,14.83729077,653
5-Feb-19,20.98520014,65.80550838,13.55061823,667
5-Mar-19,20.77822123,64.20023846,13.23947145,764
5-Apr-19,24.13101146,62.36235794,15.32533897,1069
5-May-19,22.64088247,61.0362654,16.93702032,1048.666667
5-Jun-19,21.15075347,59.71017285,18.54870167,1028.333333
5-Jul-19,19.66062448,58.38408031,20.16038302,1008
5-Aug-19,21.85444206,59.59381172,24.8188823,738
5-Sep-19,21.52328572,62.85091835,19.1397046,620
5-Oct-19,28.08769398,52.12581686,26.10526952,1026
5-Nov-19,19.45364556,41.4240546,20.60377788,1319
5-Dec-19,20.11592512,49.41161717,20.02730274,993.3333333
5-Jan-20,20.77820467,57.39917974,19.45082761,667.6666667
5-Feb-20,21.44048422,65.38674231,18.87435247,342
5-Mar-20,23.34457105,65.66591969,14.21642383,625
5-Apr-20,24.58634521,60.26852761,12.44170309,991
5-May-20,22.43390355,50.3344473,20.07150432,1242
5-Jun-20,20.98520014,50.52054694,13.46209619,1521
5-Jul-20,21.55088622,55.87920781,15.75389694,1224
5-Aug-20,22.1165723,61.23786869,18.04569769,927
5-Sep-20,22.68225838,66.59652956,20.33749844,630
5-Oct-20,23.51012438,64.06064977,12.13176895,819
5-Nov-20,23.84128071,64.54921018,10.97855712,766
5-Dec-20,25.49696304,61.31544278,16.03565526,1059
5-Jan-21,26.7387372,63.0137346,13.72837563,1417
5-Feb-21,27.26649122,62.1413053,16.48978546,1282.75
5-Mar-21,27.79424524,61.26887599,19.2511953,1148.5
5-Apr-21,28.32199926,60.39644668,22.01260513,1014.25
5-May-21,28.84975328,59.52401738,24.77401497,880
5-Jun-21,25.57976454,58.70976864,13.28462411,745
5-Jul-21,26.7387372,48.82225512,17.63226194,1100
6-Jan-19,25.45558712,63.47906746,20.64843123,533
6-Feb-19,24.51735224,58.48488195,21.77237347,712.3333333
6-Mar-19,23.57911735,53.49069645,22.89631572,891.6666667
6-Apr-19,22.64088247,48.49651095,24.02025797,1071
6-May-19,19.82617781,55.54573974,18.65201306,968
6-Jun-19,20.48849048,55.42943445,9.204193035,1027
6-Jul-19,22.8892373,52.963349,14.92674012,1038
6-Aug-19,25.20723229,47.42636823,16.213056,1488
6-Sep-19,26.39380545,49.65978725,16.98176877,1331
6-Oct-19,27.58037861,51.89320627,17.75048155,1174
6-Nov-19,28.76695178,54.1266253,18.51919432,1017
6-Dec-19,25.41416154,67.82954437,19.00660055,477
6-Jan-20,25.53833895,53.80088113,28.18928242,1173
6-Feb-20,25.16580671,53.10293769,21.80185705,1180
6-Mar-20,24.71052263,54.2196472,16.30107872,1563
6-Apr-20,23.53772488,57.72488668,16.25659182,1259.666667
6-May-20,22.36492714,61.23012617,16.21210492,956.3333333
6-Jun-20,21.19212939,64.73536566,16.16761801,653
6-Jul-20,27.15264537,59.82647815,14.26100585,968
6-Aug-20,31.83001126,54.35923589,11.82112148,872
6-Sep-20,32.98898393,53.00991578,12.1759943,778
6-Oct-20,31.58165643,53.33560411,16.74511556,964
6-Nov-20,30.5606366,52.04053748,19.53989652,1022.333333
6-Dec-20,29.53961677,50.74547085,22.33467748,1080.666667
6-Jan-21,28.51859694,49.45040422,25.12945843,1139
6-Feb-21,24.29656479,42.1452256,28.50050054,1077
6-Mar-21,27.60797911,41.40077121,23.08881491,1077
6-Apr-21,30.17432894,44.89048843,15.94677656,921
6-May-21,34.39636109,48.58958869,15.50216907,829
6-Jun-21,33.52711918,47.81408977,16.2119147,854
7-Jan-19,32.65787726,47.03859085,16.92166033,879
7-Feb-19,31.78863535,46.26309193,17.63140597,904
7-Mar-19,31.74720976,48.77568833,12.70741189,1052
7-Apr-19,32.90620726,47.8218509,15.1252549,1228.5
7-May-19,34.06520476,46.86801347,17.54309792,1405
7-Jun-19,34.10658067,46.47247496,14.12725981,1366
7-Jul-19,32.16113448,50.79972432,14.9554866,1243.333333
7-Aug-19,30.2156883,55.12697368,15.78371339,1120.666667
7-Sep-19,28.27024211,59.45422303,16.61194018,998
7-Oct-19,28.76695178,58.57017995,14.52635798,954
7-Nov-19,28.56002253,56.66244925,14.52607266,975
7-Dec-19,28.51859694,50.86951866,14.17241247,1032
7-Jan-20,29.30508703,48.42671661,9.469901828,1511
7-Feb-20,29.82938063,51.38910499,11.45141177,1370
7-Mar-20,30.35367424,54.35149337,13.43292172,1229
7-Apr-20,30.87796785,57.31388175,15.41443167,1088
7-May-20,33.60987101,49.54342612,11.86513285,921
7-Jun-20,32.36809684,53.52170375,13.5066782,799
7-Jul-20,31.20912418,54.82456874,15.50302504,888
7-Aug-20,26.03504862,68.43446591,18.60864367,747
7-Sep-20,27.29063131,65.64269213,16.93749586,876.3333333
7-Oct-20,28.546214,62.85091835,15.26634805,1005.666667
7-Nov-20,29.80179669,60.05914458,13.59520024,1135
7-Dec-20,30.25708077,57.8722365,18.78604442,1140
7-Jan-21,28.93255478,46.42596401,15.4581577,1383
7-Feb-21,31.54028052,54.61518571,24.01883135,1036
7-Mar-21,31.78863535,54.49882458,14.61587866,1259
7-Apr-21,30.94697738,55.87920781,14.63073933,1186
7-May-21,30.10531941,57.25959105,14.6456,1113
7-Jun-21,29.26366144,58.63997429,14.66046068,1040
7-Jul-21,28.39441953,60.61749933,15.50273972,968
8-Jan-19,28.60139844,59.1285347,13.77324297,1074
8-Feb-19,30.33988227,58.12813049,12.9297513,983
8-Mar-19,31.00214527,57.17429306,19.09547925,1328
8-Apr-19,30.78139093,57.39143722,17.0402366,1296.333333
8-May-19,30.5606366,57.60858139,14.98499395,1264.666667
8-Jun-19,30.33988227,57.82572555,12.9297513,1233
8-Jul-19,29.51201627,60.59421594,12.04196294,1278
8-Aug-19,30.21570485,58.87264072,11.59913873,1263
8-Sep-19,30.5054356,55.94127825,14.83757609,1196
8-Oct-19,28.51859694,61.26887599,20.73759525,1065
8-Nov-19,28.60138189,58.09712319,18.29804377,1112.333333
8-Dec-19,28.68416683,54.92537039,15.85849228,1159.666667
8-Jan-20,28.76695178,51.75361758,13.4189408,1207
8-Feb-20,29.05673219,59.64037851,15.76901916,1128
8-Mar-20,28.06331286,55.89471147,15.8127452,1198
8-Apr-20,28.68419995,50.28793635,13.81725433,1338
8-May-20,28.89112919,53.17273203,20.20553568,1483
8-Jun-20,27.44239267,56.21267589,17.79513489,1330.666667
8-Jul-20,25.99365615,59.25261974,15.3847341,1178.333333
8-Aug-20,24.54491963,62.2925636,12.97433331,1026
8-Sep-20,25.20723229,58.91915167,8.893602639,1081
8-Oct-20,26.11785012,59.10525131,8.716166231,1094
8-Nov-20,27.52517761,56.80203794,9.73709431,1363
8-Dec-20,27.85633395,55.63881748,8.849020627,1325
8-Jan-21,27.87012592,57.78693851,10.19449862,1213
8-Feb-21,27.88391789,59.93505954,11.53997662,1101
8-Mar-21,27.89770986,62.08318057,12.88545461,989
8-Apr-21,29.13948402,55.91799486,17.32168581,935
8-May-21,26.98709203,52.12581686,11.73195746,1177
8-Jun-21,28.06331286,54.26621398,9.203600986,1172
8-Jul-21,30.91939344,54.1033419,15.72443715,1433
9-Jan-19,30.44337173,56.44145244,16.93328732,1291.5
9-Feb-19,29.96735002,58.77956298,18.1421375,1150
9-Mar-19,29.49132831,61.11767352,19.35098767,1008.5
9-Apr-19,29.01530661,63.45578406,20.55983785,867
9-May-19,29.55344186,62.68804627,17.0993464,832
9-Jun-19,27.5666032,66.55001861,13.86183634,611
9-Jul-19,27.89770986,62.40886889,15.94649123,1045
9-Aug-19,25.9108712,58.08161954,18.01668966,1069.333333
9-Sep-19,23.92403254,53.75437018,20.08688809,1093.666667
9-Oct-19,21.93719389,49.42712082,22.15708652,1118
9-Nov-19,21.64746314,50.3344473,10.26911108,1070
9-Dec-19,22.72368397,53.52170375,13.1075087,1050
9-Jan-20,23.38594696,56.87183229,9.603348273,1054
9-Feb-20,24.42074221,58.84935733,11.11144718,1379
9-Mar-20,23.5515003,60.00483527,12.24986967,1260
9-Apr-20,22.68225838,61.16031321,13.38829215,1141
9-May-20,21.81301647,62.31579116,14.52671464,1022
9-Jun-20,23.92403254,70.01645244,29.20988951,371
9-Jul-20,20.40568898,51.26505717,19.05146788,788
9-Aug-20,20.11595823,55.82491712,12.13176895,939
9-Sep-20,22.72368397,58.63997429,14.70411538,1250
9-Oct-20,21.31633992,55.36740123,14.42295149,1167
9-Nov-20,19.90899587,52.09482817,14.1417876,1084
9-Dec-20,28.50165182,48.82225512,13.86062371,1001
9-Jan-21,20.28151156,53.12622108,20.55983785,845
9-Feb-21,24.50354371,56.52286057,21.13612277,787
9-Mar-21,25.24860821,59.8729891,13.28555142,751
9-Apr-21,23.7171033,59.82647815,15.41386102,1045
9-May-21,22.08898836,59.06650149,13.66922303,951
9-Jun-21,20.46087342,58.30652483,11.92458504,857
10-Jan-19,28.83275848,57.54654817,10.17994705,763
10-Feb-19,22.30972613,69.96994149,11.15510189,315
10-Mar-19,25.62114046,65.61940874,8.449565798,728
10-Apr-19,25.62114046,61.6644145,12.08747226,891
10-May-19,23.51012438,56.33676093,11.28884792,1516
10-Jun-19,21.41980868,58.20958049,12.78591189,1287.25
10-Jul-19,19.32949298,60.08240005,14.28297586,1058.5
10-Aug-19,27.23917728,61.95521961,15.78003983,829.75
10-Sep-19,25.14886158,63.82803918,17.2771038,601
10-Oct-19,28.50165182,56.52286057,17.10027371,780
10-Nov-19,24.56935042,47.17041841,16.65623687,834
10-Dec-19,24.69352783,51.40464586,20.47217178,1060
10-Jan-20,26.74935946,54.53763023,21.92126551,960
10-Feb-20,28.8051911,57.6706146,23.37035923,860
10-Mar-20,20.86102273,60.80359897,24.81945295,760
10-Apr-20,26.22503274,52.47478859,16.70081888,922
10-May-20,25.60414566,59.98935023,10.93368978,979
10-Jun-20,28.91555998,61.96681943,20.60377788,1008
10-Jul-20,20.94377456,66.8059126,13.32920613,753
10-Aug-20,19.68820842,62.21498951,12.05782938,778.6666667
10-Sep-20,28.43264229,57.62406643,10.78645263,804.3333333
10-Oct-20,27.17707616,53.03314334,9.515075889,830
10-Nov-20,19.99178081,57.12778211,10.44683994,841
10-Dec-20,22.1441728,56.82532134,8.894201822,795
10-Jan-21,20.28151156,65.99166386,12.57459316,875
10-Feb-21,20.07453264,66.36386314,13.15180538,1182
10-Mar-21,28.32225685,67.72098159,18.51907544,788.6666667
10-Apr-21,26.56998105,69.07810005,23.88634549,395.3333333
10-May-21,24.81770525,70.43521851,29.25361555,2
10-Jun-21,18.76688746,67.38967249,18.89696446,87
10-Jul-21,20.71985052,58.523669,15.59133309,419
11-Jan-19,21.13375868,53.77765357,14.92645479,466
11-Feb-19,20.5956731,50.4507526,22.68936008,618
11-Mar-19,20.00238652,49.93118488,21.97961444,538
11-Apr-19,19.40909994,49.41161717,21.26986881,458
11-May-19,18.81581336,48.89204946,20.56012318,378
11-Jun-19,18.91172653,52.963349,16.07966662,466
11-Aug-19,20.45530295,39.91990272,28.51426746,340
11-Sep-19,20.92682943,51.49766776,19.00745652,709
11-Oct-19,20.69916256,53.20182231,21.28092515,613.5
11-Nov-19,20.47149568,54.90597686,23.55439378,518
11-Dec-19,20.24382881,56.61013141,25.8278624,422.5
11-Jan-20,20.01616193,58.31428596,28.10133103,327
11-Mar-20,18.93999077,55.94127825,14.61552201,320
11-Apr-20,20.09896343,50.59034129,15.90219454,484
11-May-20,20.69225002,52.42825902,17.42492586,472.3333333
11-Jun-20,21.2855366,54.26617676,18.94765718,460.6666667
11-Jul-20,21.87882318,56.1040945,20.4703885,449
11-Aug-20,21.54771651,59.54730077,9.603647864,534
11-Sep-20,20.5128716,55.56902314,11.06743582,615
11-Oct-20,20.88540385,54.31272494,12.6643635,1109
11-Nov-20,21.2579361,53.05642674,14.26129117,1603
11-Dec-20,20.34730171,52.43603877,11.85098549,1181
11-Jan-21,19.43666732,51.8156508,9.440679805,759
11-Feb-21,18.52603294,51.19526283,7.030374122,337
11-May-21,18.91356436,52.32509368,11.94309787,243
12-Jan-19,20.33350974,59.76442632,8.450160225,426.3333333
12-Feb-19,22.88605103,61.95907692,9.026754249,490.6666667
12-Mar-19,25.43859233,64.15372751,9.603348273,555
12-Apr-19,26.59756499,62.26928021,16.12360665,551
12-May-19,24.73490375,48.38020566,26.8155858,331
12-Jul-19,18.89856519,63.96762787,13.01863,349
12-Aug-19,20.8026189,66.96102355,14.43831148,342.3333333
12-Sep-19,22.70667262,69.95441923,15.85799297,335.6666667
12-Oct-19,24.61072633,72.94781491,17.27767445,329
12-Nov-19,20.5128716,54.61518571,24.81945295,282
12-Feb-20,18.95315212,57.19757645,13.06349733,429
12-Mar-20,18.80200483,62.11418787,12.27955059,356.6666667
12-Apr-20,20.65085754,67.03079928,11.49560384,284.3333333
12-May-20,22.49971026,71.94741069,10.7116571,212
12-Jun-20,23.36895217,58.5003856,19.49579005,433
12-Jul-20,19.47807635,56.22045563,16.83427959,333
12-Aug-20,19.35389894,58.59346334,13.15152006,314
12-Sep-20,19.18834561,52.38176668,30.40796868,221
